Code,Duration (Days),Batch ID,Generated,Used
0006-1E01-086C-D4C1,30,1,2025-11-28T13:01:17.875Z,false
0042-1E01-93C0-462A,30,1,2025-11-28T13:01:17.877Z,false
B8C5-1E01-7D44-7B58,30,1,2025-11-28T13:01:17.878Z,false
1268-1E01-60EC-F608,30,1,2025-11-28T13:01:17.878Z,false
C313-1E01-C77B-D0E3,30,1,2025-11-28T13:01:17.878Z,false
775B-1E01-185D-734B,30,1,2025-11-28T13:01:17.878Z,false
205C-1E01-17B5-F1F2,30,1,2025-11-28T13:01:17.878Z,false
15D4-1E01-93D8-BAB1,30,1,2025-11-28T13:01:17.878Z,false
2F0F-1E01-24D3-7637,30,1,2025-11-28T13:01:17.879Z,false
FA14-1E01-BDC5-45A2,30,1,2025-11-28T13:01:17.879Z,false